{
  "system_code": "KNOCK",
  "approval_flag": true,
  "call_back_url": "https://your-callback-url.com/webhook",
  "approval": {
    "doc_no": "JXXXX0000001",
    "doc_ref": "v1",
    "net_amount": 20.0,
    "remark": "Test disbursement",
    "doc_meta_data": {
      "group_code": "G24-0166",
      "account_code": "A25-0071",
      "disbursement_type": "GPM",
      "vat": 5.0,
      "wht": 7.0,
      "amount": 1000.0
    },
    "payees": {
      "ga_no": "G-A25-0071-E0000001-00",
      "payee_info": [
        {
          "payment_type": "BANK_TRANSFER",
          "payee_type": "1002",
          "payee_name": {
            "en_US": "Muang Thai Life Assurance",
            "th_TH": "เมืองไทยประกันชีวิต"
          },
          "title": {
            "en_US": "Company",
            "th_TH": "บริษัท"
          },
          "mobile_no": "0612345679",
          "identity_type": "Tax ID",
          "identity_no": "124352432423",
          "code": "00002",
          "bank_info": {
            "bank_code": "BAAO",
            "branch_code": "BAAO$000001",
            "account_no": "47596048001",
            "account_name": "น้อย1 เจริญทิพย์",
            "media_clearing_type_code": ""
          },
          "cheque_info": null,
          "k_trade_info": null,
          "relation": "1",
          "date_of_birth": "2019-07-30T17:00:00Z",
          "pay_rate": 5.0,
          "amount": 1.0,
          "delivery_address_1": "1234/5678",
          "delivery_address_2": "",
          "mailing_zip_code": "10310",
          "tax": null
        }
      ],
      "committees": [
        {
          "title": {
            "en_US": "Mr.",
            "th_TH": "นาย"
          },
          "first_name": {
            "en_US": "Noi",
            "th_TH": "น้อย"
          },
          "last_name": {
            "en_US": "Charoenthip",
            "th_TH": "เจริญทิพย์"
          },
          "identity_type": "ID Card",
          "identity_no": "5246368221571"
        }
      ]
    }
  }
}